date,open,high,low,close,volume,Name
2/8/13,316.77,321.4899,316.73,320.72,403264,CMG
2/11/13,320.97,325.64,320.11,323.56,453220,CMG
2/12/13,322.39,326.99,322.05,322.51,353599,CMG
2/13/13,321.63,322.475,316.16,317.01,605608,CMG
2/14/13,316.28,319.08,314.44,317.72,483832,CMG
2/15/13,319.03,319.03,310.78,314.19,678216,CMG
2/19/13,314.4,317.58,311.32,313.05,530537,CMG
2/20/13,312.81,315.09,308,309.49,588188,CMG
2/21/13,307.17,313.73,307.17,308.13,639141,CMG
2/22/13,310.77,315.71,310.5,315.51,600207,CMG
2/25/13,316.51,318.32,311.18,311.21,512884,CMG
2/26/13,312.72,316.66,309.02,311.81,415128,CMG
2/27/13,312.48,318.71,311.96,316.21,330537,CMG
2/28/13,315.29,319.88,313.6,316.79,306386,CMG
3/1/13,316.75,319.82,314.501,319.74,300757,CMG
3/4/13,318.68,322.43,317.55,321.76,307211,CMG
3/5/13,323.3,332.49,322.5,329.24,520227,CMG
3/6/13,331.38,334.89,328.095,329,341441,CMG
3/7/13,331.38,331.38,325.08,327.5,330531,CMG
3/8/13,328.27,328.8799,320.6301,321.84,477790,CMG
3/11/13,320.08,327.117,319.39,322.42,363793,CMG
3/12/13,322.42,323.98,317,318.45,306360,CMG
3/13/13,319.41,322.38,319.33,322.38,358434,CMG
3/14/13,321.61,324.21,319.53,322.66,298613,CMG
3/15/13,320.95,323.98,318.54,321.35,310927,CMG
3/18/13,317.36,321.85,317.25,320.15,184722,CMG
3/19/13,320.1,324.53,315.5,317.23,408041,CMG
3/20/13,319.75,323.7,318.25,322.42,298839,CMG
3/21/13,321.99,322.52,318.33,319.42,425498,CMG
3/22/13,320.28,320.68,317.44,318.23,283465,CMG
3/25/13,318.7,321.7,316.04,316.77,315454,CMG
3/26/13,318.64,320.285,316.35,318.5,313704,CMG
3/27/13,318.49,320.85,316.34,320.59,215130,CMG
3/28/13,320.17,325.93,319.02,325.87,387865,CMG
4/1/13,327.42,328.47,320.0034,321.06,421993,CMG
4/2/13,321.91,323.6,321.64,323.09,240714,CMG
4/3/13,327.05,330,321.87,323.79,412947,CMG
4/4/13,323.63,326.34,321.86,323.16,415428,CMG
4/5/13,318.11,328.78,316.87,328,469919,CMG
4/8/13,327.01,337.92,326.8,337.5,730124,CMG
4/9/13,337.18,337.22,330.55,332.67,521355,CMG
4/10/13,334.18,350,334.18,343.55,947646,CMG
4/11/13,340,344.24,330.5,331.33,1458320,CMG
4/12/13,329.77,342,327.28,341.91,782502,CMG
4/15/13,349,349.88,337.03,337.17,892040,CMG
4/16/13,341.03,343.885,337.67,342.17,447834,CMG
4/17/13,339.59,343.78,337.435,339.94,340166,CMG
4/18/13,341.5,341.5,328.36,328.36,1010479,CMG
4/19/13,344.91,366.73,343.31,366.25,2747297,CMG
4/22/13,367,372.99,362.66,362.83,988994,CMG
4/23/13,363.63,365.75,358.14,361.27,713684,CMG
4/24/13,358.71,365.65,358.71,362.79,419143,CMG
4/25/13,363.3,365.86,361.14,362.85,302270,CMG
4/26/13,362.01,364.22,359.465,361.73,339766,CMG
4/29/13,362.18,367,359.52,363.59,276681,CMG
4/30/13,365.49,365.5099,360.71,363.19,373852,CMG
5/1/13,360.95,364.83,358.5,362.18,277869,CMG
5/2/13,361.68,369.32,361.62,365.2,363073,CMG
5/3/13,368.25,369.5,365.65,367.35,234034,CMG
5/6/13,367.45,376.27,367.45,373.98,496850,CMG
5/7/13,372.57,374.154,359,361.09,1009716,CMG
5/8/13,361.81,366.5,359.09,366.33,525572,CMG
5/9/13,363.95,372.98,363.65,367.45,834223,CMG
5/10/13,366.93,371.27,366.04,370.01,326412,CMG
5/13/13,369.88,370.6,366.12,367.51,241815,CMG
5/14/13,368,376.19,367.99,375.65,496343,CMG
5/15/13,375.27,378.4,372.81,374.97,485204,CMG
5/16/13,374.93,375.76,370.65,372.08,384406,CMG
5/17/13,371.92,375.5,371.92,375.16,288345,CMG
5/20/13,374.8,379.14,374.46,376.87,302087,CMG
5/21/13,376.51,378.76,373.78,377.43,281816,CMG
5/22/13,377.33,379.15,369.7,371.05,349036,CMG
5/23/13,367.53,370.23,362.8,368.45,378234,CMG
5/24/13,366.64,369.274,363.55,368.27,270845,CMG
5/28/13,371.58,374,370.12,370.61,400587,CMG
5/29/13,368.99,371.475,366.23,369.79,201888,CMG
5/30/13,370.93,373.42,369.22,369.85,195480,CMG
5/31/13,366.21,370.76,361,361,321687,CMG
6/3/13,361.01,363.28,354.53,358.84,472438,CMG
6/4/13,356.05,363.35,355.05,358.42,425949,CMG
6/5/13,358.64,359.45,350.66,353.03,288081,CMG
6/6/13,354.42,359.44,351.68,359.03,230353,CMG
6/7/13,361,365.8,354.25,365.8,560353,CMG
6/10/13,366.45,369.11,363.54,364.57,355421,CMG
6/11/13,361.46,367.7,361.46,364.75,248759,CMG
6/12/13,368.61,368.61,362.34,364.19,388398,CMG
6/13/13,369.5,372.56,365.44,371.43,309540,CMG
6/14/13,369.44,372.54,365.25,368.12,304430,CMG
6/17/13,370.5,372.11,365,367.68,257156,CMG
6/18/13,369.02,372.66,368.79,372.66,267035,CMG
6/19/13,371.79,372.4999,366,366.87,282459,CMG
6/20/13,363.62,368.14,360.07,360.86,438224,CMG
6/21/13,363.26,363.26,355.915,361.64,691265,CMG
6/24/13,357.72,360.75,352.2701,358.16,452487,CMG
6/25/13,361.06,363.9799,357.06,358.96,295051,CMG
6/26/13,364,365.69,362.27,363.67,346312,CMG
6/27/13,364.95,366.96,361.19,364.15,336673,CMG
6/28/13,363.16,368.39,360.99,364.35,461100,CMG
7/1/13,366.45,369.236,362.3,363.74,354946,CMG
7/2/13,364.67,371.77,364.67,371.53,444377,CMG
7/3/13,374.99,386.809,374.75,384.47,691945,CMG
7/5/13,386,386.78,383.01,386.33,379403,CMG
7/8/13,387.39,388.21,383.92,386.03,345376,CMG
7/9/13,387.85,389.84,385.67,386.33,294919,CMG
7/10/13,385.74,385.74,379.88,382.03,378670,CMG
7/11/13,382.5,386.5,380.5,383.13,282273,CMG
7/12/13,384.21,387.49,383.285,386.27,340313,CMG
7/15/13,385.42,386.58,383.14,384.19,337765,CMG
7/16/13,383,383.295,374.44,379.13,559913,CMG
7/17/13,379.79,379.9735,372.13,375.77,478018,CMG
7/18/13,375.99,377.4,372.7501,376.75,964048,CMG
7/19/13,399.05,410.12,395.02,408.97,2270920,CMG
7/22/13,405.32,407.99,400.8,401.8,577638,CMG
7/23/13,401.34,404.84,396.49,397.41,392172,CMG
7/24/13,396.75,402.888,396.75,400.12,452061,CMG
7/25/13,400.41,404.72,395.87,404.25,533074,CMG
7/26/13,402.83,407.69,402.83,405.87,339348,CMG
7/29/13,404.46,408.35,402.05,404.44,193273,CMG
7/30/13,406.29,409.74,405.27,407.38,257151,CMG
7/31/13,407.89,414.9,406.698,412.27,483125,CMG
8/1/13,414.9,418.229,412.631,413.81,278942,CMG
8/2/13,414.6,414.7375,411.01,412.09,246197,CMG
8/5/13,411.49,413.02,410.44,412.3,199185,CMG
8/6/13,411.61,412.89,405.26,405.89,320114,CMG
8/7/13,404.65,407.89,403.78,404.49,208492,CMG
8/8/13,404.92,411.28,404.92,407.9,196200,CMG
8/9/13,405.79,409.25,405.47,405.74,231549,CMG
8/12/13,403.5,407.57,401.74,402.97,192887,CMG
8/13/13,401.94,406.974,400.17,406.34,169139,CMG
8/14/13,405.24,406.19,402.0001,404.64,101183,CMG
8/15/13,401.94,404.67,397.01,401.48,269422,CMG
8/16/13,401.33,404.95,400.3404,401.94,171232,CMG
8/19/13,401.6,407.26,400.37,403.6,172150,CMG
8/20/13,407.37,412.2,405.66,407.55,273406,CMG
8/21/13,406.46,407.61,402.3369,403,195940,CMG
8/22/13,405.7,408.85,402.56,407.05,259291,CMG
8/23/13,403.95,406.169,401.88,402.79,235024,CMG
8/26/13,405,405,401.05,402.09,208859,CMG
8/27/13,398.53,403.9375,398,400.08,271121,CMG
8/28/13,401.5,408.17,401.5,403.05,271559,CMG
8/29/13,403.94,409.99,403.94,406.78,314176,CMG
8/30/13,406.33,408.99,405.51,408.17,276630,CMG
9/3/13,410.25,412.729,403.37,404.9,250699,CMG
9/4/13,406.3,410.37,404.48,409.71,267679,CMG
9/5/13,409.17,412.34,408,408.72,174580,CMG
9/6/13,408.78,411.77,403.53,408.52,256447,CMG
9/9/13,408.54,412.68,408,411.7,220220,CMG
9/10/13,413.25,419,412.87,418.64,288552,CMG
9/11/13,416.83,423.49,415.85,423.48,353992,CMG
9/12/13,420.3,425,420.11,421.64,220420,CMG
9/13/13,423.85,425.5,419.29,425.34,277858,CMG
9/16/13,427.52,427.52,421,423.46,342170,CMG
9/17/13,424.86,425.8699,421.724,425.41,165046,CMG
9/18/13,425.4,427.5,423.1,426.23,303086,CMG
9/19/13,426.75,427.72,421.51,421.7,250066,CMG
9/20/13,420.93,424.91,414.96,415.08,580849,CMG
9/23/13,415.35,418.55,412.35,415.24,207953,CMG
9/24/13,418.42,423.78,415.74,418.76,396556,CMG
9/25/13,418.74,419.36,415,415.59,152767,CMG
9/26/13,416.25,422,415.95,420.34,180237,CMG
9/27/13,417.99,420,417.99,419,124064,CMG
9/30/13,422.64,429.779,422,428.804,469729,CMG
10/1/13,429.19,431,422.04,425.67,309411,CMG
10/2/13,425.67,427.39,420.2,427.14,227743,CMG
10/3/13,426.15,428.53,421.01,426.5,440248,CMG
10/4/13,426.5,434.36,425.86,434.12,335930,CMG
10/7/13,430,434.22,428.91,433.4,523728,CMG
10/8/13,432.12,434,423.39,427.72,635470,CMG
10/9/13,430,432.748,423.25,428.67,443044,CMG
10/10/13,432.07,436.95,430.28,435.87,309768,CMG
10/11/13,439.2,443.93,438.08,443.61,411228,CMG
10/14/13,441.42,447.65,440.54,442.02,543266,CMG
10/15/13,441.43,443.6925,432.93,433.61,554302,CMG
10/16/13,436.57,438.51,434.12,438.07,510824,CMG
10/17/13,438.6,442.47,438.05,439.07,899904,CMG
10/18/13,481.05,511.1,477.34,509.74,2438883,CMG
10/21/13,509.59,512,506.5001,509.25,909779,CMG
10/22/13,509.08,520.72,509.08,520,818982,CMG
10/23/13,515.02,522.5,514.68,520.79,586612,CMG
10/24/13,521.13,524.54,517.85,522.97,424128,CMG
10/25/13,522.05,528,521.1001,527.5,475044,CMG
10/28/13,527,527.92,522.78,527.85,418602,CMG
10/29/13,527.99,529.9,523.14,527.93,338195,CMG
10/30/13,528.95,529.84,522.85,524.35,284808,CMG
10/31/13,521.44,531.43,521.44,526.97,323049,CMG
11/1/13,526.78,529.8899,524.9,527.6,367355,CMG
11/4/13,529.5,536.56,526.58,535.18,364761,CMG
11/5/13,535.03,543.684,533.21,543.05,412736,CMG
11/6/13,543.21,546.8,537.76,539.63,469846,CMG
11/7/13,540.01,540.01,524.67,525.02,652920,CMG
11/8/13,527.8,536.8,525.49,535.2,428863,CMG
11/11/13,535.71,537.24,534,536.44,164420,CMG
11/12/13,535.76,537.73,532,535.42,226555,CMG
11/13/13,534.55,538.38,533.11,537.58,216796,CMG
11/14/13,534.3,544.67,534.3,543.92,255341,CMG
11/15/13,545.99,549.5,544.88,546.97,309957,CMG
11/18/13,547.23,550.28,535.1601,537.51,274218,CMG
11/19/13,539,541.81,537.73,538.16,246130,CMG
11/20/13,536,542.51,528.46,531.66,254425,CMG
11/21/13,534.9,542,531.2001,539.22,382072,CMG
11/22/13,544,544,536.48,537.48,221078,CMG
11/25/13,537.55,540.9399,530.88,532.31,201546,CMG
11/26/13,532.16,532.7715,525,525,392802,CMG
11/27/13,526.21,527.08,523.12,525,307810,CMG
11/29/13,525.24,529.72,523.19,523.86,160126,CMG
12/2/13,521.5,526.6,520.49,524.5,238094,CMG
12/3/13,523.33,524.994,521.26,522.64,229255,CMG
12/4/13,520.55,522.63,516.01,518.11,321294,CMG
12/5/13,518.2,525,517.1101,521.01,249089,CMG
12/6/13,521,526.25,519.59,525.81,212234,CMG
12/9/13,525.71,529.99,525.01,527.32,278166,CMG
12/10/13,525.92,525.92,520.24,521.53,229887,CMG
12/11/13,523.31,523.94,516.33,517.57,252939,CMG
12/12/13,516.32,522.54,514.62,515.02,281035,CMG
12/13/13,518.51,520.99,511.28,512.85,349309,CMG
12/16/13,514.7,517.36,511.45,515.38,374186,CMG
12/17/13,515.79,518,509.35,512.64,289242,CMG
12/18/13,510.05,516.998,506.44,516.89,327278,CMG
12/19/13,517,521.2299,514,514.58,321448,CMG
12/20/13,517.28,533.77,515.86,533.14,861164,CMG
12/23/13,535.5,537,527.94,531.03,350019,CMG
12/24/13,529.99,534,529.99,533.11,104681,CMG
12/26/13,532.59,535.755,530.44,535.43,210754,CMG
12/27/13,536.84,536.84,529.65,530.75,238527,CMG
12/30/13,530.33,534.59,528.01,532.04,263067,CMG
12/31/13,533.8,534.07,529.51,532.78,197369,CMG
1/2/14,530,532.9599,521.53,523.43,456491,CMG
1/3/14,524,534.01,523.48,531.31,409117,CMG
1/6/14,534.72,534.72,523.08,527.32,415092,CMG
1/7/14,528.8,535.6999,526.37,533.06,308930,CMG
1/8/14,529.5,536.19,528.09,535.85,411296,CMG
1/9/14,536.95,548.14,536.15,541.03,529808,CMG
1/10/14,542.08,544.87,536.71,538.57,379229,CMG
1/13/14,539.71,544.49,526.37,529.8,510359,CMG
1/14/14,531.98,533.47,526.42,530.28,373165,CMG
1/15/14,534,535.29,529.802,532.25,242968,CMG
1/16/14,532.87,534.19,527.81,529.51,260387,CMG
1/17/14,535.64,535.64,526.08,527.61,403712,CMG
1/21/14,531.71,531.76,523.21,525.57,386552,CMG
1/22/14,528.53,529,513.29,515.95,623274,CMG
1/23/14,512.8,513.95,498.56,503.45,1062841,CMG
1/24/14,495.26,502.34,489.5,492.48,893472,CMG
1/27/14,492.36,497,482.701,489.31,563255,CMG
1/28/14,491.95,498.78,488.73,491.87,398027,CMG
1/29/14,490,492.0399,480.87,484.5,657769,CMG
1/30/14,486.96,499.43,485.4,493.96,1282362,CMG
1/31/14,553.42,568.9,546.1001,551.96,2135276,CMG
2/3/14,550.21,553.78,535.35,543.2,1071281,CMG
2/4/14,546.46,546.74,536.46,540.59,556855,CMG
2/5/14,538.81,544.489,531,542.43,498410,CMG
2/6/14,542.61,554.85,542.05,544.47,449476,CMG
2/7/14,543.28,550.55,540.06,549.29,495822,CMG
2/10/14,552.48,552.48,543,548.09,344328,CMG
2/11/14,548.28,551.8,544.02,544.86,411005,CMG
2/12/14,548.95,551.76,539.61,545.74,485249,CMG
2/13/14,539.61,561.51,539,557.65,532968,CMG
2/14/14,552,558.97,547,554.11,329978,CMG
2/18/14,551.17,556.3915,550.39,552.86,303700,CMG
2/19/14,553.82,560.85,551.06,552.18,417518,CMG
2/20/14,551.11,554.95,548.51,550.28,305795,CMG
2/21/14,551.38,555.2,548.57,549.49,408433,CMG
2/24/14,550.95,556.6,549.16,554.38,279551,CMG
2/25/14,557.05,560.44,553.35,554.62,336608,CMG
2/26/14,557.06,563.48,550.13,555.12,550940,CMG
2/27/14,551.64,562,551.64,561.14,305782,CMG
2/28/14,562.25,573.16,559.49,565.21,676568,CMG
3/3/14,561,563.95,551.7,554.6,527285,CMG
3/4/14,561.48,585.96,559.12,584.83,1004148,CMG
3/5/14,585,585.9899,578.5,581.25,554809,CMG
3/6/14,584.105,594.5,583.7,593.27,636025,CMG
3/7/14,599.8,599.97,587.68,593.41,308098,CMG
3/10/14,589.82,593.937,585.28,587.96,362144,CMG
3/11/14,589.04,593.65,583,584.27,303460,CMG
3/12/14,583.28,588.75,577.365,588.7,244883,CMG
3/13/14,589.47,591.9,577.82,579.5,312342,CMG
3/14/14,575.02,582.1,572,575.96,334016,CMG
3/17/14,580.46,580.9,572.51,576.26,261731,CMG
3/18/14,582.35,595.2099,578.03,592.54,602534,CMG
3/19/14,588.52,598.4599,588.52,596.5,442695,CMG
3/20/14,595.69,614.2,595.675,611.58,806724,CMG
3/21/14,616.47,622.9,607.36,611.12,778895,CMG
3/24/14,610.21,613.09,585.58,588.54,820338,CMG
3/25/14,590.12,593.095,565.5001,570.68,979911,CMG
3/26/14,573.45,575.9499,563.78,563.88,582759,CMG
3/27/14,564,566.07,554.25,559.18,556256,CMG
3/28/14,561.5,573.99,560.801,567.17,538445,CMG
3/31/14,570.74,570.98,565.001,568.05,442038,CMG
4/1/14,568.01,580.25,568.01,578.97,313528,CMG
4/2/14,582.55,582.56,572.2,576.21,297163,CMG
4/3/14,579.02,582.84,565.5,570.89,411035,CMG
4/4/14,571,571.3,551.04,555.16,687118,CMG
4/7/14,550,554.99,529.2,535.59,804851,CMG
4/8/14,540,552.99,539.13,550.73,579863,CMG
4/9/14,552.26,556.8,547.061,556.4,410428,CMG
4/10/14,555.09,556.14,533.93,534.01,600680,CMG
4/11/14,528.02,543.5,526.75,534.87,988566,CMG
4/14/14,540.49,546.5,534.11,540.98,442005,CMG
4/15/14,543.24,549.65,532,540.54,487925,CMG
4/16/14,545,553.6,540,552.4,634784,CMG
4/17/14,582.7,588.69,518.516,519.61,3884290,CMG
4/21/14,521.72,522,505.7,506.54,1374555,CMG
4/22/14,508.35,514.17,504.1304,512.67,913974,CMG
4/23/14,511.01,511.9499,502.03,504.05,483611,CMG
4/24/14,508.6,511.2975,503.27,507.6,530739,CMG
4/25/14,507.25,507.25,498.49,502.31,404142,CMG
4/28/14,502.56,502.56,472.41,476.28,1435991,CMG
4/29/14,479.78,495,477.9,491.57,746969,CMG
4/30/14,488.55,499.89,484.45,498.5,665513,CMG
5/1/14,498.51,504.98,495.01,500.15,462786,CMG
5/2/14,496.3,504.3599,496.3,501.77,471780,CMG
5/5/14,504.39,518.54,501.12,512.68,618477,CMG
5/6/14,512.91,514.32,500.82,501.91,436220,CMG
5/7/14,506.58,506.58,493.33,500.83,571844,CMG
5/8/14,495.01,513.84,495.01,500.35,370537,CMG
5/9/14,499.76,508.5,496.17,507.68,446868,CMG
5/12/14,507.25,513.18,505.13,510.21,430803,CMG
5/13/14,509.95,510.9565,501.785,504.16,292462,CMG
5/14/14,506.67,514.5099,501,504.32,491797,CMG
5/15/14,504.72,504.72,491.132,495.92,505484,CMG
5/16/14,499.31,501.5,490.55,500.52,590365,CMG
5/19/14,498.89,503.91,498.89,501.29,271001,CMG
5/20/14,500,501.21,493.24,495.65,315947,CMG
5/21/14,496.12,504.93,496,504.18,444921,CMG
5/22/14,506.5,524.55,506.19,520.48,595081,CMG
5/23/14,522,523.45,515.36,522.32,311209,CMG
5/27/14,522,539.76,522,536.04,566093,CMG
5/28/14,533.09,539.94,529.08,538.26,548109,CMG
5/29/14,538.85,546.9,538.5,545.42,617907,CMG
5/30/14,546.97,549.27,542.5,547.09,454141,CMG
6/2/14,548,552.85,545.2701,551.56,399510,CMG
6/3/14,548.13,552.5,548,550.59,357730,CMG
6/4/14,549.46,559.38,546.821,558.84,376725,CMG
6/5/14,557.55,564.21,556.491,561.03,345732,CMG
6/6/14,560.75,570.22,559.1401,569.17,395052,CMG
6/9/14,568.25,570.682,565.93,568.5,246844,CMG
6/10/14,566,568.797,563.17,564.76,282913,CMG
6/11/14,560.92,571.51,560.01,570.34,325592,CMG
6/12/14,571.75,583.27,570.01,581.85,916275,CMG
6/13/14,576.84,589,576.84,588.26,586993,CMG
6/16/14,587.03,595.48,584.38,594.01,451609,CMG
6/17/14,593.14,596.16,590.5435,593.52,322297,CMG
6/18/14,591.88,595.33,587.2001,594.91,322674,CMG
6/19/14,594.45,597.45,591.55,594.54,359223,CMG
6/20/14,595,595.84,590.65,592.43,412243,CMG
6/23/14,592.99,602.209,590.75,599.59,370528,CMG
6/24/14,599,601.6121,595.46,595.62,365133,CMG
6/25/14,595.7,600.302,592.061,599.5,224717,CMG
6/26/14,596.22,600.78,593.3032,600.32,231919,CMG
6/27/14,599.81,600.6799,595.7,596.14,314381,CMG
6/30/14,596.41,597.08,592.06,592.51,311460,CMG
7/1/14,596.35,604.08,594.53,603.26,312232,CMG
7/2/14,603.49,603.49,597,599.32,240073,CMG
7/3/14,600.25,604.776,598.55,603.6,140627,CMG
7/7/14,601.65,603.16,592.825,593.83,298683,CMG
7/8/14,591.26,592.75,575.92,586.59,520901,CMG
7/9/14,588.55,605,588.55,604.17,597026,CMG
7/10/14,596,607.55,595.05,600.61,425768,CMG
7/11/14,600.44,601.4999,597.5001,598.49,224602,CMG
7/14/14,601.7,608.77,600.09,604.92,325502,CMG
7/15/14,605,606.8745,590.34,597.45,558729,CMG
7/16/14,601,601.3241,590,590.47,387161,CMG
7/17/14,591.02,592,579.81,581.65,415600,CMG
7/18/14,583.71,593.41,583.0201,592.42,432611,CMG
7/21/14,593.29,596.8997,582.69,589.93,1099630,CMG
7/22/14,649.9,667.9,649.27,659.77,2261545,CMG
7/23/14,658.71,662.689,655.16,661.27,554826,CMG
7/24/14,663.13,663.7699,656.7894,660.2,374176,CMG
7/25/14,657.8,673.9995,657.8,673.58,595978,CMG
7/28/14,675.11,678.9629,671.99,678.01,470692,CMG
7/29/14,677.42,680.3698,673.31,674.36,282508,CMG
7/30/14,678,682.67,676,681.83,404344,CMG
7/31/14,678.01,679.5,672,672.5,462615,CMG
8/1/14,674.81,677.18,667.64,675.14,341686,CMG
8/4/14,678.03,686.05,674.44,682.98,446046,CMG
8/5/14,682.93,682.93,671.53,674.71,334478,CMG
8/6/14,671,681.56,668.67,673,374786,CMG
8/7/14,677.5,679.95,669.16,671.84,289834,CMG
8/8/14,668,670.2099,664.2401,669.7,354191,CMG
8/11/14,673.46,682.74,668.08,680.54,355465,CMG
8/12/14,678.16,679.66,672,676.23,225912,CMG
8/13/14,675,688.43,675,683.68,387477,CMG
8/14/14,683.78,685.9695,675.81,679.29,304018,CMG
8/15/14,682.48,684.15,673.76,678.18,331797,CMG
8/18/14,681,684.87,680.41,684.83,201138,CMG
8/19/14,686.35,689.45,680.82,681.08,231698,CMG
8/20/14,680.76,680.76,675.02,678.41,305854,CMG
8/21/14,697,697.9296,677.5001,681.07,716139,CMG
8/22/14,678.17,681.4101,673.89,676.95,360422,CMG
8/25/14,679,680.22,675.02,676.24,213822,CMG
8/26/14,676.72,685.98,676.72,683.89,289930,CMG
8/27/14,681.38,683.87,676.14,677.03,259862,CMG
8/28/14,676.15,679.66,674.245,677.84,152987,CMG
8/29/14,678.97,680.5,674.15,678.65,180806,CMG
9/2/14,678.85,683.5,675.25,682.9,232893,CMG
9/3/14,684.5,692.9,678.795,680.1,306922,CMG
9/4/14,681,685.44,677.24,680.54,270597,CMG
9/5/14,679.81,683.14,676.35,677.95,239958,CMG
9/8/14,677.9,679.7669,674.45,678.37,205630,CMG
9/9/14,679.1,679.1,669.27,669.95,282760,CMG
9/10/14,673,677.19,664.1556,671.36,366597,CMG
9/11/14,670.29,673.7,666.62,672.73,317447,CMG
9/12/14,671.84,672.64,663.16,664.81,303031,CMG
9/15/14,664.42,664.85,650.03,655.85,519014,CMG
9/16/14,655.85,656.8699,651,654.2,486779,CMG
9/17/14,650.5,657.02,642.64,653.24,530247,CMG
9/18/14,655.5,665.6999,652.61,664.32,339901,CMG
9/19/14,666.25,668.08,661.46,664.09,395221,CMG
9/22/14,660.77,663.96,651.25,656.1,285528,CMG
9/23/14,654.64,659.04,653.8401,654.58,164537,CMG
9/24/14,658.13,666.98,656.79,664.71,267080,CMG
9/25/14,659.51,663.84,651.41,653.39,276920,CMG
9/26/14,653.3,664.94,653.3,660.77,253533,CMG
9/29/14,655.99,665.74,651.5,662.94,240823,CMG
9/30/14,663.8,669.78,657.8325,666.59,460538,CMG
10/1/14,666.5,667.44,656.16,662.23,387217,CMG
10/2/14,661.13,666.649,659.37,662.57,306430,CMG
10/3/14,666.39,675.03,663.731,674.5,403932,CMG
10/6/14,677,681.8,670.62,671.13,379445,CMG
10/7/14,667.05,669.7799,661.76,662.82,348316,CMG
10/8/14,663.81,672.66,660.66,672.1,362072,CMG
10/9/14,670.34,673.5,657.74,660.61,392534,CMG
10/10/14,659.1,668.58,655.01,655.58,625961,CMG
10/13/14,657.75,658.3,638,639.53,481770,CMG
10/14/14,645.5,652.02,639,651.17,534514,CMG
10/15/14,641.37,653.66,631,647.38,614533,CMG
10/16/14,644.19,650,635.01,645.98,498724,CMG
10/17/14,647.96,654.49,638.03,641.72,687504,CMG
10/20/14,643,654.73,641.19,653.03,1216053,CMG
10/21/14,624.95,629.5,607.55,607.55,2254591,CMG
10/22/14,611.27,619.5,607.5736,608.99,1002410,CMG
10/23/14,612.74,615.67,609.15,610,619199,CMG
10/24/14,613.03,617.9,608.8,615.78,493599,CMG
10/27/14,614.75,633.37,614.75,630.11,566156,CMG
10/28/14,631.49,647.29,630.56,645.85,604264,CMG
10/29/14,645.6,648.82,638.714,639.86,441953,CMG
10/30/14,640.52,644.94,637.269,639.68,263826,CMG
10/31/14,643.51,646.5,636.9,638,441466,CMG
11/3/14,638.28,641,635.32,638.53,306381,CMG
11/4/14,640.37,649.3,638.002,647.68,407986,CMG
11/5/14,651,652.1,640.41,642.59,328227,CMG
11/6/14,643.11,647.33,640.55,647.12,232835,CMG
11/7/14,647.38,651.384,642.285,649.03,300837,CMG
11/10/14,647.92,650.4,645.495,648.86,275570,CMG
11/11/14,649.4,656.82,647.491,656.65,356077,CMG
11/12/14,654.97,668.93,654.51,664.25,419095,CMG
11/13/14,666,671.785,662.7,670.75,348895,CMG
11/14/14,671.1,675.24,667.96,669.8,277817,CMG
11/17/14,668,669.73,657.34,658.32,367208,CMG
11/18/14,656,663.58,656,658.09,245390,CMG
11/19/14,659.99,660.95,654.28,658.56,234187,CMG
11/20/14,657.44,663.83,656.09,662.83,211741,CMG
11/21/14,667.49,667.7199,656.92,657.88,348956,CMG
11/24/14,659.75,660.94,646.59,659.54,454937,CMG
11/25/14,662,664.5,654.12,654.9,460406,CMG
11/26/14,656.83,661.17,655,660.21,162308,CMG
11/28/14,661.49,671.9899,661.49,663.62,172797,CMG
12/1/14,664.66,670.2,660.4026,660.88,272124,CMG
12/2/14,659.88,664.71,655.6,660.04,286897,CMG
12/3/14,656.84,661.5,651.14,651.27,391241,CMG
12/4/14,652.53,665.8,651.53,663.97,377953,CMG
12/5/14,665.84,665.84,660.0025,660.57,169873,CMG
12/8/14,662.1,662.35,653.5,657.03,290045,CMG
12/9/14,654.5,658.64,645.53,657.09,412506,CMG
12/10/14,657,663.18,647.8,650.04,307694,CMG
12/11/14,652.5,659.6365,651.95,654.39,269706,CMG
12/12/14,653.65,662.99,652.71,657.67,288522,CMG
12/15/14,658.5,661.33,645.66,648.83,434802,CMG
12/16/14,648.83,649.11,632.43,633.52,415585,CMG
12/17/14,635,651.58,635,649.15,338557,CMG
12/18/14,655.49,658.5,645.86,655.6,320162,CMG
12/19/14,658.74,659,648.24,651.42,395253,CMG
12/22/14,652.31,669.0956,652.29,667.66,381927,CMG
12/23/14,670,671.96,665.39,669.21,226141,CMG
12/24/14,668.53,676.68,667.8,672.79,136870,CMG
12/26/14,672.76,679.75,672.323,678.06,212009,CMG
12/29/14,675.75,696.56,675.5,692.69,505075,CMG
12/30/14,691.35,693,680.42,684.91,268884,CMG
12/31/14,685.55,693.9645,683.43,684.51,302896,CMG
1/2/15,686,687.47,671.0115,678.4,325015,CMG
1/5/15,678.4,679.92,664.2,667.69,374414,CMG
1/6/15,666.79,672,653.77,664.38,609404,CMG
1/7/15,668.4,694.85,668.4,694.26,685553,CMG
1/8/15,702.5,727.97,702.5,719.99,1171584,CMG
1/9/15,721.85,722.17,711.96,714.27,404354,CMG
1/12/15,718.89,718.998,709.48,711.7,276813,CMG
1/13/15,715.74,724.48,707.16,714.06,348180,CMG
1/14/15,703.21,713.023,700,709.74,318743,CMG
1/15/15,709,715.1,698.11,700.78,344922,CMG
1/16/15,696.57,712.23,696.57,711.11,316094,CMG
1/20/15,714.89,716,702.5,705.78,340926,CMG
1/21/15,704.4,710.52,702.06,703.89,307494,CMG
1/22/15,706.81,715.182,703.54,713.44,301898,CMG
1/23/15,715.48,720.9999,713,713.69,324804,CMG
1/26/15,715.34,725.86,712.37,723.43,227992,CMG
1/27/15,718.38,724.83,716,721.33,275869,CMG
1/28/15,722.97,726.9794,710.64,711.99,244746,CMG
1/29/15,715.55,717.15,708.82,714.53,273697,CMG
1/30/15,714.64,716.98,707.72,709.84,385843,CMG
2/2/15,713.55,716.44,700.01,712.55,468728,CMG
2/3/15,716.5,726.63,710,726.63,1364246,CMG
2/4/15,680.28,686.72,667.15,676,2474736,CMG
2/5/15,679.8,679.99,670.03,670.91,830280,CMG
2/6/15,677,677.89,657.975,659.92,870189,CMG
2/9/15,655.78,658.07,647.28,648.01,646487,CMG
2/10/15,652,666.2495,648.93,665.03,734482,CMG
2/11/15,666.36,676.75,664,669.64,528842,CMG
2/12/15,671.08,672.24,665.26,670.29,288687,CMG
2/13/15,671.67,678.17,667.13,674.89,377436,CMG
2/17/15,674.46,677.67,669.3,670.93,280735,CMG
2/18/15,669.96,674.95,669,674.57,297043,CMG
2/19/15,674.6,682.52,672.24,673.28,295830,CMG
2/20/15,670.59,674.68,669.38,674,266295,CMG
2/23/15,673.47,679.72,670,671.17,215925,CMG
2/24/15,670.15,673.22,666.5178,667.91,235844,CMG
2/25/15,670.3,678.94,668.72,675.52,379171,CMG
2/26/15,675,678.89,669.14,670.29,282188,CMG
2/27/15,670.5,673.59,664.97,664.97,441101,CMG
3/2/15,664.97,673.3,663.05,670.86,398903,CMG
3/3/15,670.38,672.255,664.56,668.43,264424,CMG
3/4/15,664.6,667,659.25,664.16,305994,CMG
3/5/15,667.16,671.59,666.2,670.49,249801,CMG
3/6/15,666.92,666.92,657.61,658.68,381628,CMG
3/9/15,658.01,662.98,653.37,660.34,321824,CMG
3/10/15,657.14,658.325,652.3,654.74,240895,CMG
3/11/15,658.68,667.8,658.29,660.77,351071,CMG
3/12/15,662.53,671.59,662.33,670.39,277180,CMG
3/13/15,668,677.64,667.51,674.51,359380,CMG
3/16/15,676.09,682.5,676.09,678.88,275025,CMG
3/17/15,677,678.46,671.01,672,305635,CMG
3/18/15,669.26,674.63,662.7,673.28,476882,CMG
3/19/15,673.97,681.18,671,680.67,390698,CMG
3/20/15,684.96,689.23,682.44,686.65,457284,CMG
3/23/15,685.65,692.4306,682.833,687.34,279998,CMG
3/24/15,686.5,689.71,680.41,680.81,331964,CMG
3/25/15,680,683.13,665.74,665.97,370839,CMG
3/26/15,662.27,664.87,658.07,658.82,370439,CMG
3/27/15,660.51,668.64,658.01,662.72,286705,CMG
3/30/15,668.07,669.01,651.5,655.36,419919,CMG
3/31/15,653.82,659.255,650.54,650.54,332207,CMG
4/1/15,650,653.02,644.06,652.53,404976,CMG
4/2/15,653,656.06,648.88,652.39,308047,CMG
4/6/15,648.48,663.29,648,660.02,284243,CMG
4/7/15,659.42,664.29,654.74,658.46,323754,CMG
4/8/15,658.46,662.7,652.5,654.55,549697,CMG
4/9/15,653.79,654.5,648.57,651.72,375408,CMG
4/10/15,666.1,685,665,683.02,1194413,CMG
4/13/15,680.7,687.74,677,683.73,514403,CMG
4/14/15,681.16,687.2,676.14,677.85,438126,CMG
4/15/15,683.26,687.76,675.59,677.6,363695,CMG
4/16/15,678,684,677.1241,681.55,340688,CMG
4/17/15,678.79,685.23,673.05,683.95,519617,CMG
4/20/15,686.77,688.55,682.63,686.93,435759,CMG
4/21/15,691.4,699.03,689,692.52,1883305,CMG
4/22/15,655.13,656.99,635.25,641.23,3776595,CMG
4/23/15,641.98,643.48,635.25,635.6,1094338,CMG
4/24/15,638.58,639.73,634.129,637.5,793655,CMG
4/27/15,640.13,646.22,636.09,643.75,759807,CMG
4/28/15,643.75,646.9699,636.44,639.58,634716,CMG
4/29/15,637.7,638.7,626.75,630.07,789415,CMG
4/30/15,631.99,635,619.72,621.34,563440,CMG
5/1/15,628.96,634,626.922,634,523670,CMG
5/4/15,636.69,641.96,633.33,633.57,318622,CMG
5/5/15,631.84,634.95,625.19,625.67,421080,CMG
5/6/15,625.33,627.82,618.47,627.23,518877,CMG
5/7/15,627,633.41,625.39,628.82,318835,CMG
5/8/15,636,637.7,632.05,633.82,443517,CMG
5/11/15,630.33,637.5,628.32,635.67,416599,CMG
5/12/15,630.5,637.67,627.36,635.55,290573,CMG
5/13/15,636,639.5,634.05,635.32,326285,CMG
5/14/15,636.03,638.59,630.86,634.53,360817,CMG
5/15/15,634.75,636.44,629.05,632.37,437968,CMG
5/18/15,632.56,636.71,631.05,636.1,404073,CMG
5/19/15,637.44,639.8814,631.5,636.75,380069,CMG
5/20/15,632.93,635.9,627.01,628.24,520150,CMG
5/21/15,628.33,633.74,625.03,633.36,438761,CMG
5/22/15,635,635,625.78,626.44,550725,CMG
5/26/15,624.67,626.38,618.71,622.16,477475,CMG
5/27/15,623.16,624.4952,612.26,612.5,744773,CMG
5/28/15,617.5,636,616.86,629.42,893935,CMG
5/29/15,628,628.395,613.58,615.52,789125,CMG
6/1/15,615.01,618.9999,612.6,614.9,396218,CMG
6/2/15,613.1,616.75,610,610.57,371668,CMG
6/3/15,609,613.25,608,610.89,395333,CMG
6/4/15,606.1,613.95,603.01,611.57,508517,CMG
6/5/15,608.16,614.9,601.53,613.8,793011,CMG
6/8/15,611.93,612.92,607.77,608.12,436989,CMG
6/9/15,606.97,608.71,605.16,605.79,339662,CMG
6/10/15,605.64,609.4997,605.64,608.67,224765,CMG
6/11/15,609,613,605.56,605.86,242454,CMG
6/12/15,605,612.4,604.02,609.76,431727,CMG
6/15/15,607.5,608.49,602.73,604.17,442122,CMG
6/16/15,602.41,604.8976,598.04,600.62,384952,CMG
6/17/15,600.5,606.93,600.5,606.84,455457,CMG
6/18/15,607.87,610.58,605.44,606.2,385783,CMG
6/19/15,605.24,615.72,604.24,615.31,698190,CMG
6/22/15,617.5,623.18,616.85,619.25,507524,CMG
6/23/15,620.87,622.64,614.171,615.4,394936,CMG
6/24/15,615,615.69,610.32,610.53,305161,CMG
6/25/15,613.89,614.826,607.23,607.38,248736,CMG
6/26/15,608,612.85,605.38,609.46,259525,CMG
6/29/15,604.22,606.9999,599.5,600.05,372986,CMG
6/30/15,603,608.39,599.29,604.99,376062,CMG
7/1/15,606.31,611.62,603.55,606.57,237637,CMG
7/2/15,609.1,610.05,604.54,609.56,340190,CMG
7/6/15,599.85,609.85,597.33,607.17,535774,CMG
7/7/15,606.09,622.86,605.64,620.56,593049,CMG
7/8/15,619.4,624.53,611.65,612.85,522384,CMG
7/9/15,622.49,631,617.48,627.16,821204,CMG
7/10/15,630.11,640.31,627.96,639.42,784925,CMG
7/13/15,646.12,658.37,643.47,658,725531,CMG
7/14/15,658,660.9,654.2,655.46,597676,CMG
7/15/15,657.4,663.1108,653.28,661.19,569275,CMG
7/16/15,661.5,663.6,654.735,658.46,777628,CMG
7/17/15,658.32,664.27,657.03,661.95,561132,CMG
7/20/15,665.7,681.5599,665,678,972920,CMG
7/21/15,678,679.3649,670.07,673.07,1681197,CMG
7/22/15,695,729.65,694.4,725.82,3033888,CMG
7/23/15,723.5,734.5,721.6,725.94,1058957,CMG
7/24/15,725,729.095,724.31,728.79,591009,CMG
7/27/15,726,733.8,724.14,731.44,712736,CMG
7/28/15,735.15,737.47,726.51,730.78,433947,CMG
7/29/15,732,739.49,731.1611,738.42,595424,CMG
7/30/15,737,745,733.52,744.16,441770,CMG
7/31/15,745.73,746.4,740.14,742.23,386647,CMG
8/3/15,743.47,744.61,735.14,743.04,453770,CMG
8/4/15,741.99,749.75,740.56,748.09,399531,CMG
8/5/15,749.39,758.61,748.394,757.77,533888,CMG
8/6/15,758.49,758.49,746.01,749.6,405687,CMG
8/7/15,751.97,751.97,742.01,749.12,386150,CMG
8/10/15,755.67,755.67,743.68,744.24,434844,CMG
8/11/15,742.62,749.88,737.69,745.66,461122,CMG
8/12/15,741.15,747.97,733.96,745.98,447856,CMG
8/13/15,748.1,749.98,743.2,743.6,223298,CMG
8/14/15,745.94,748.7,741.09,748.34,241993,CMG
8/17/15,744.19,754.75,744.19,754.03,272288,CMG
8/18/15,754.05,758.269,745.1,745.92,410363,CMG
8/19/15,742.2,750.562,741.5,745.28,280830,CMG
8/20/15,741.31,744.765,734.2201,735.15,450134,CMG
8/21/15,729.48,731.4199,718.5,720.01,706666,CMG
8/24/15,695,723.4499,685,704.25,842769,CMG
8/25/15,722.26,722.94,695.39,695.39,696527,CMG
8/26/15,703.15,708.24,691.865,707.64,732348,CMG
8/27/15,713.12,730,710.2436,727.17,583845,CMG
8/28/15,725,728.17,717.09,721.2,235584,CMG
8/31/15,719.79,722.1,707.5,710.01,464738,CMG
9/1/15,697.95,714.19,696.1,706.71,409452,CMG
9/2/15,713.69,724,710.58,723.87,374277,CMG
9/3/15,722.5,729.44,721.91,724.99,298138,CMG
9/4/15,718.36,729.91,718.36,719.23,293880,CMG
9/8/15,731.46,733.825,721.88,732.14,241849,CMG
9/9/15,734,736.0135,717.64,718.83,340339,CMG
9/10/15,718.25,725.8699,718,723.19,220703,CMG
9/11/15,721.22,729.945,714.02,729.06,644230,CMG
9/14/15,728.48,730.5,723.07,726.8,267746,CMG
9/15/15,725.81,733.5,720.7,732.08,296128,CMG
9/16/15,734.75,734.75,725.19,730.01,308734,CMG
9/17/15,728.47,738.99,726.01,730.2,285118,CMG
9/18/15,728.98,731.59,724.118,729.48,521953,CMG
9/21/15,729.3,737.86,725.45,731.19,325385,CMG
9/22/15,724.99,729.53,722,726.97,354243,CMG
9/23/15,727.5,733.22,725.445,731.57,213014,CMG
9/24/15,729.77,731.95,721.61,731.17,405629,CMG
9/25/15,733.83,741.89,728.44,730.28,420108,CMG
9/28/15,730.52,734.5,707.5,708.03,566339,CMG
9/29/15,707.59,721.16,701.73,708.54,483098,CMG
9/30/15,714.89,720.71,710,720.25,355409,CMG
10/1/15,717.6,724.57,714.21,724.43,315051,CMG
10/2/15,717.48,724.45,709.45,724.45,503011,CMG
10/5/15,726.86,729.83,723.52,728.08,426471,CMG
10/6/15,727.16,727.6,711.66,713.25,360694,CMG
10/7/15,713.5,720.69,705.174,720.16,387354,CMG
10/8/15,722,738.47,718.9,734.77,498100,CMG
10/9/15,734.77,738,726.87,732.93,355585,CMG
10/12/15,734.57,750.5,729.205,747.82,433636,CMG
10/13/15,747,757,747,750.42,418769,CMG
10/14/15,739,742.4,710.91,718.56,961670,CMG
10/15/15,718.56,724.94,708.5035,723.81,628614,CMG
10/16/15,728,728.24,720.06,722.7,347393,CMG
10/19/15,723.43,725.169,709.662,718.64,714863,CMG
10/20/15,717.25,720.5,705.63,705.63,2194673,CMG
10/21/15,650.605,666,646.8,665.67,2010902,CMG
10/22/15,666.46,669.1075,650.21,650.62,803111,CMG
10/23/15,657.99,657.99,645.13,649.72,690818,CMG
10/26/15,646.64,668.36,645.95,659.69,671980,CMG
10/27/15,659.68,662.9799,651.56,656.55,388133,CMG
10/28/15,656.89,658.76,652.49,654.89,507177,CMG
10/29/15,649.42,654.84,647.31,648.2,381724,CMG
10/30/15,648,653.267,640.05,640.23,644640,CMG
11/2/15,610,631,608.52,624,2140168,CMG
11/3/15,627.67,631.48,620,623.16,920794,CMG
11/4/15,625.85,626.798,612.1,614.98,1217129,CMG
11/5/15,616.73,619.18,609.46,617.23,835105,CMG
11/6/15,609,613.49,594,612.4,1596566,CMG
11/9/15,613.01,622,606.09,609.29,754153,CMG
11/10/15,623.48,629.65,617.06,628.88,1089788,CMG
11/11/15,631.53,632.979,619.35,621.84,596421,CMG
11/12/15,621.84,624.59,612.96,614.68,593102,CMG
11/13/15,613.6,616.25,592.06,592.89,1215657,CMG
11/16/15,591.23,593.85,583.07,588.74,838799,CMG
11/17/15,589.99,595.39,579.66,583.58,580900,CMG
11/18/15,583.89,594.005,580.78,594,517801,CMG
11/19/15,595.41,614.7,595.01,611.51,1125505,CMG
11/20/15,612,614.7,534.2,536.19,5023617,CMG
11/23/15,534.08,569.0345,532.03,559.29,3662555,CMG
11/24/15,557.02,579.28,553.1605,577.79,1321362,CMG
11/25/15,584.71,585.8,570.1,580.83,1180720,CMG
11/27/15,584.48,584.48,575.78,576.62,312803,CMG
11/30/15,577.5,584.23,577.03,579.55,661146,CMG
12/1/15,583.28,589.15,575,580.74,738620,CMG
12/2/15,582.84,586.58,571.52,574.66,692136,CMG
12/3/15,577.95,578.653,558.51,565.31,1352001,CMG
12/4/15,558.89,568.76,537.17,561.2,2708454,CMG
12/7/15,516.83,553.32,515,551.75,4465773,CMG
12/8/15,532.11,550,521.01,542.24,4056081,CMG
12/9/15,546.6,560.67,543.24,548.01,2110367,CMG
12/10/15,564,579.515,563.31,575.43,2645685,CMG
12/11/15,563,572,562.42,565,1527170,CMG
12/14/15,566.68,567.3404,549.76,558.16,904788,CMG
12/15/15,560.13,564.55,553.571,554.86,915252,CMG
12/16/15,556.15,569.28,554.2,567.83,872049,CMG
12/17/15,575.01,577.7599,554.6,554.89,1144757,CMG
12/18/15,553.78,555.34,540.5,541.08,1506402,CMG
12/21/15,544.25,544.88,508.1,522.01,3097983,CMG
12/22/15,511.375,512.33,494.1101,494.61,4564350,CMG
12/23/15,490.16,501.25,482.234,497.48,2457260,CMG
12/24/15,498.87,501.98,494.3,495.1,894307,CMG
12/28/15,495.97,499,485.76,493.52,957113,CMG
12/29/15,494.1,497.24,489.03,489.94,866403,CMG
12/30/15,490,492.99,482.8,485.79,1060813,CMG
12/31/15,483.11,485.78,477.97,479.85,1196568,CMG
1/4/16,468.7,469,447.5,448.81,2690316,CMG
1/5/16,450,459.88,446.8,449.03,2161255,CMG
1/6/16,437.94,447,423,426.67,3646881,CMG
1/7/16,415.08,425.185,411.61,416,1891978,CMG
1/8/16,419.84,426.29,411.74,413.29,1297183,CMG
1/11/16,416.65,419.915,406.35,411.1,1462535,CMG
1/12/16,415.5,420.799,399.1404,404.26,1658424,CMG
1/13/16,407.8,432.3,406.65,428.28,3552500,CMG
1/14/16,447,463.51,436.5,454.3,3769883,CMG
1/15/16,441.15,476.43,441.15,475.94,3307698,CMG
1/19/16,478.36,478.37,456.1,469.47,2255844,CMG
1/20/16,462.75,472.79,451.09,465.5,1787298,CMG
1/21/16,469.79,475.59,461,461.2,1198866,CMG
1/22/16,466.22,466.33,446.7,450.76,1430310,CMG
1/25/16,447.92,448.915,431.52,442.17,1574437,CMG
1/26/16,442,449.9,440.01,448.15,766957,CMG
1/27/16,448.5,454.49,442.25,442.64,1317122,CMG
1/28/16,446.98,455.98,443.3,453.08,1019961,CMG
1/29/16,455.76,470,451.33,452.97,1534645,CMG
2/1/16,476.12,479,463.01,472.64,2337022,CMG
2/2/16,471,484.2,468.3,475.67,2725202,CMG
2/3/16,459.7,466.64,440.41,461.74,3798713,CMG
2/4/16,460,476.67,456,470.9,1489630,CMG
2/5/16,469.85,475.59,454.445,460.14,1527954,CMG
2/8/16,454.69,461.11,435.865,445,1427272,CMG
2/9/16,441.9,452.02,436.86,440.93,1139016,CMG
2/10/16,443.99,453.8,442.5,448.81,992624,CMG
2/11/16,444,467.78,441.01,461.39,1283293,CMG
2/12/16,466.11,487.98,465.46,480.57,1755087,CMG
2/16/16,484.01,493,478.0007,492.94,1131196,CMG
2/17/16,495.43,514.7998,495.22,514.01,1638884,CMG
2/18/16,515,518.86,502.05,515.93,1128968,CMG
2/19/16,512.2,526.2299,509.5,511.58,1413418,CMG
2/22/16,515,529.3889,514.4896,525.9,1429029,CMG
2/23/16,514,530.85,513.11,525.06,1451668,CMG
2/24/16,519.77,522.87,512.66,514.86,1040268,CMG
2/25/16,514.21,515.85,497.51,505.33,1180899,CMG
2/26/16,507,508,493.11,506.01,1030133,CMG
2/29/16,508,522.5242,506.77,509.16,1426700,CMG
3/1/16,514.25,515.999,506.0339,509.97,855092,CMG
3/2/16,512.8,528.95,512.8,525.69,1207985,CMG
3/3/16,520,530.125,519.27,524.29,1080317,CMG
3/4/16,529.29,541.93,527.3,529,1511938,CMG
3/7/16,522.97,536,520.08,533.69,824912,CMG
3/8/16,536.3,542.5,523.42,524.69,1103675,CMG
3/9/16,512.56,518.612,492.5,506.63,3399266,CMG
3/10/16,509.9,514,498.93,503.68,1309378,CMG
3/11/16,507.37,514.89,504.25,507.85,1314879,CMG
3/14/16,508.87,521.51,508.01,515.73,1150108,CMG
3/15/16,510.99,511.5,499.415,503,1225459,CMG
3/16/16,479.86,506,473.11,500.35,3119649,CMG
3/17/16,494.03,497.42,470.8,471.59,2279943,CMG
3/18/16,469.98,473.415,454.5,455.37,2878500,CMG
3/21/16,455.2,463.418,452.78,462.48,1347683,CMG
3/22/16,462.03,474.12,458.4,471.76,1026833,CMG
3/23/16,472.96,481.63,471,474.46,798231,CMG
3/24/16,471.44,472.35,462.45,471.37,1019248,CMG
3/28/16,474,480.6199,472.49,475.31,738955,CMG
3/29/16,466.45,468.118,453.87,460,1541232,CMG
3/30/16,462,471,454.24,466.15,1068603,CMG
3/31/16,468.95,473.75,462.51,470.97,802354,CMG
4/1/16,459.3,467.9,455.75,464.81,988548,CMG
4/4/16,466.49,473.17,463.01,465,676756,CMG
4/5/16,461.25,470.19,460.23,463.42,629766,CMG
4/6/16,462.09,466.153,454.8,455.25,989354,CMG
4/7/16,455.6,455.92,444.44,450.6,1288314,CMG
4/8/16,451.25,458.745,448.53,451.25,832094,CMG
4/11/16,453.54,456.56,444,444.21,825109,CMG
4/12/16,445.52,447.003,434.0601,444.62,1065081,CMG
4/13/16,442.73,446.64,435.89,444.66,1067745,CMG
4/14/16,460,460.99,452,456.01,1170232,CMG
4/15/16,457.14,469.9799,457,469.29,1271062,CMG
4/18/16,468,468.99,458,460.12,926221,CMG
4/19/16,462.01,464.995,452.5,455.18,648825,CMG
4/20/16,457.11,462.985,454,458,483102,CMG
4/21/16,461,462.795,447.59,448.14,740167,CMG
4/22/16,452.15,453.99,438.26,442.73,921752,CMG
4/25/16,442.7,444.95,438,443.1,977181,CMG
4/26/16,445,447.27,438.7227,445.92,1719146,CMG
4/27/16,425,430,415,417.22,3884596,CMG
4/28/16,417.83,431.42,417.38,423.4,1429111,CMG
4/29/16,422.89,424.74,417.75,420.97,963051,CMG
5/2/16,422,434.15,420.33,433.5,965475,CMG
5/3/16,433.6,447.46,433.275,437.95,1290408,CMG
5/4/16,437.06,438.7,432.1,433.3,674759,CMG
5/5/16,433.83,438.26,430.75,435,609880,CMG
5/6/16,434,435.329,426.03,433.81,734540,CMG
5/9/16,435.05,456.88,435.05,453.17,1420925,CMG
5/10/16,456.63,456.7679,449.01,455.59,781132,CMG
5/11/16,455.97,459.3,450.27,454,1045951,CMG
5/12/16,457.08,461.3,456.345,457.01,1093483,CMG
5/13/16,457.01,464.9,455.12,458.35,899404,CMG
5/16/16,452.07,452.71,438.53,444.56,1492962,CMG
5/17/16,445.03,449.84,444.26,446.08,736507,CMG
5/18/16,444.7,450.2951,441.4,448.61,548979,CMG
5/19/16,447.18,454.37,447.18,450.64,606551,CMG
5/20/16,448.9,450.23,439.81,449.92,1314239,CMG
5/23/16,452.62,467,451.07,456.44,1056754,CMG
5/24/16,460,461.0399,453.39,457.33,651600,CMG
5/25/16,458.5,462.94,455.62,458.04,693693,CMG
5/26/16,452.5,460.77,451.51,452.03,743960,CMG
5/27/16,452.5,453.525,442.65,445.41,1013064,CMG
5/31/16,445,446.925,439.13,441.96,983865,CMG
6/1/16,442.11,443.56,431.3101,432.59,792583,CMG
6/2/16,433.81,444.5441,433.099,443.49,1019904,CMG
6/3/16,440.37,441.23,433.64,433.94,874751,CMG
6/6/16,436.12,446.65,435.0198,445.27,800716,CMG
6/7/16,446.56,447.08,432.52,433.39,944055,CMG
6/8/16,433,434.8718,423,429.2,990189,CMG
6/9/16,426.12,427.2,415.15,415.79,1198363,CMG
6/10/16,412.56,413.87,403.13,405.26,1562710,CMG
6/13/16,400.26,405.4032,393.63,394,1846317,CMG
6/14/16,390.6,395.87,384.77,395.27,1633734,CMG
6/15/16,396.14,402.3478,389.411,390.31,1201254,CMG
6/16/16,393.24,396.6699,389.59,393.55,1072345,CMG
6/17/16,395.5,400.41,393,397.27,1275078,CMG
6/20/16,399.79,401.96,396.69,396.94,936820,CMG
6/21/16,399.37,399.66,387.89,391.96,1050020,CMG
6/22/16,391,396.88,388.18,392.99,864985,CMG
6/23/16,393.25,413.02,393.2,408.89,1575610,CMG
6/24/16,397.25,413.57,396.75,400.73,1701046,CMG
6/27/16,399.56,400.22,386.7,388.78,1196744,CMG
6/28/16,396.39,397.44,389,391.67,722535,CMG
6/29/16,396.43,410.34,395.49,409.49,1016559,CMG
6/30/16,409.49,409.8707,401.57,402.76,1073913,CMG
7/1/16,400,405.285,391.51,393.91,1223426,CMG
7/5/16,395,399.3,391.01,396.38,889114,CMG
7/6/16,393.85,402.06,393.85,401.05,786152,CMG
7/7/16,393.99,395.5628,386.1,390.78,1747843,CMG
7/8/16,393,404.09,392.1,399.71,1070873,CMG
7/11/16,407.01,413,402.09,403.18,1009546,CMG
7/12/16,405.38,410.66,401.13,408.34,709588,CMG
7/13/16,411.4,421.97,411.005,416.63,1420827,CMG
7/14/16,420.94,422.18,412,417.98,1165732,CMG
7/15/16,409.63,411.94,404.1,404.86,1579949,CMG
7/18/16,404.92,410.9,402.26,408.9,750732,CMG
7/19/16,413.91,419.65,413,415.31,909572,CMG
7/20/16,415.24,420.62,414.09,419.68,846918,CMG
7/21/16,419.68,420.16,412.42,418.07,2143500,CMG
7/22/16,414.65,444.13,412.19,442.48,4167945,CMG
7/25/16,443,443.5,435,441.52,1481416,CMG
7/26/16,431.95,439.24,429.85,430.85,1102579,CMG
7/27/16,431.9,434.71,425.64,426.06,696244,CMG
7/28/16,425.56,432.769,421.27,430.55,844628,CMG
7/29/16,428.69,430.53,422.7,423.99,783723,CMG
8/1/16,423.6,426,413.86,414.08,1004923,CMG
8/2/16,412.7,412.7,401.201,402.64,1195531,CMG
8/3/16,402,407.64,400,402.56,785994,CMG
8/4/16,402,404.7699,394.3358,397.2,873215,CMG
8/5/16,399.45,403.64,398.27,401.13,808757,CMG
8/8/16,402.48,404.2558,400.7,401.4,547058,CMG
8/9/16,401.17,404.76,394.36,395.1,655408,CMG
8/10/16,395,397.32,391.2001,395.07,814212,CMG
8/11/16,395.07,399.16,394.2,398.22,677324,CMG
8/12/16,396.71,399,395.62,397.33,793199,CMG
8/15/16,397.33,399.89,394.4,397.48,703540,CMG
8/16/16,398.47,405.26,396.5,400.86,698512,CMG
8/17/16,401,401.884,395.1642,399.18,792015,CMG
8/18/16,396.97,397.81,392.57,394.91,1044792,CMG
8/19/16,393.76,395.01,387.01,388.5,1323767,CMG
8/22/16,389,397.25,388.53,396.04,1104885,CMG
8/23/16,396.02,399,391.96,397,787342,CMG
8/24/16,397,405.5,396.86,403.75,1085554,CMG
8/25/16,403.75,416.9,402.49,413.34,1503964,CMG
8/26/16,413.44,419.23,412.02,418.75,1026300,CMG
8/29/16,420,426.62,419.2,423.02,1179564,CMG
8/30/16,422.46,423.48,412.68,415.15,1221793,CMG
8/31/16,415.25,418.95,412.0006,413.73,1141070,CMG
9/1/16,415.81,415.89,410.64,414.68,793405,CMG
9/2/16,414.25,414.89,408.0501,408.41,1006994,CMG
9/6/16,408.25,415.48,406.0231,414.07,1087634,CMG
9/7/16,431.23,441.2,430,438.45,3223095,CMG
9/8/16,437.55,440.24,434.761,436.31,1236815,CMG
9/9/16,434.83,436.26,426.41,426.55,992495,CMG
9/12/16,423.39,429.7436,422.99,428.9,778025,CMG
9/13/16,424.32,425.13,417.71,421.36,995763,CMG
9/14/16,423.66,424.59,412.11,414.9,875912,CMG
9/15/16,414.9,418.94,411.5804,413.96,1131809,CMG
9/16/16,413.06,414.8887,406.5,409.32,1213942,CMG
9/19/16,409.48,410.6558,401.32,402.76,1139757,CMG
9/20/16,402.76,404.905,395.11,400.42,1490731,CMG
9/21/16,398.3,403.49,395.5,399.75,924212,CMG
9/22/16,404,410.43,403.0595,410.16,959432,CMG
9/23/16,409.18,417.74,408.72,413.81,1041529,CMG
9/26/16,412.73,422.6,408.59,419.88,1070845,CMG
9/27/16,419.5,422.4986,415.43,418.95,644091,CMG
9/28/16,419.81,421.33,413.22,418.31,819303,CMG
9/29/16,418,425.4999,415.42,420.73,905388,CMG
9/30/16,421.36,428.9,418.011,423.5,996508,CMG
10/3/16,423.03,433.95,422.54,430.87,890573,CMG
10/4/16,433.09,434.14,425.33,427.27,655556,CMG
10/5/16,427.95,430.9599,424.4,427.84,628819,CMG
10/6/16,425.9,428.86,423.1,424.49,564275,CMG
10/7/16,426.08,432,425.42,429.91,980473,CMG
10/10/16,433.72,440,429,437.88,1281567,CMG
10/11/16,437.74,437.74,418,423.02,2031257,CMG
10/12/16,423.22,425,417.092,418.52,712979,CMG
10/13/16,414.11,416,408.25,409.81,869874,CMG
10/14/16,411.15,414.95,403.16,404.14,974281,CMG
10/17/16,401.05,401.925,393,394.35,1244549,CMG
10/18/16,395.7,398,389.1001,393.96,1180670,CMG
10/19/16,394.39,406.83,394.39,405.25,916877,CMG
10/20/16,403.79,410.3587,402.0001,405.1,765179,CMG
10/21/16,405.53,415.46,403.38,411.94,1034395,CMG
10/24/16,416.44,417.83,407.93,413.35,1308913,CMG
10/25/16,410.51,417.61,403.785,405.67,2218517,CMG
10/26/16,387.24,388.85,362.82,368.02,6291276,CMG
10/27/16,369.39,373.45,363.58,368.59,1936101,CMG
10/28/16,368.68,373,366.19,370.08,1187432,CMG
10/31/16,370.11,372.51,360.15,360.76,1264481,CMG
11/1/16,360.28,364.78,352.96,359.92,1416781,CMG
11/2/16,361.58,370.6,358.6276,369.63,1600826,CMG
11/3/16,367.32,376.73,366.51,374.71,1356830,CMG
11/4/16,374.59,379,369.76,370.43,1015493,CMG
11/7/16,377.05,386.79,373.67,382.49,1491750,CMG
11/8/16,379.94,381.02,370.79,378.54,1318465,CMG
11/9/16,371.5,380.99,368.9,369.52,2006935,CMG
11/10/16,372.55,396.82,372.4015,391.83,2187877,CMG
11/11/16,390.35,398.95,388.13,397.08,1146396,CMG
11/14/16,398.56,419.3,397.63,414.18,1869860,CMG
11/15/16,412.99,413.2,397.92,400,1230102,CMG
11/16/16,399,408.4947,397.14,402.9,985154,CMG
11/17/16,395.7,407.84,394.1075,402.9,1118698,CMG
11/18/16,407.37,417.37,400.71,411.8,1500654,CMG
11/21/16,410.59,413.5,407.36,412.38,815113,CMG
11/22/16,409.66,411.54,401.65,405.99,877167,CMG
11/23/16,406,414.74,404.7,410.41,617200,CMG
11/25/16,410.93,412.8,405.055,410.28,355646,CMG
11/28/16,406.99,409.885,399.28,399.39,838756,CMG
11/29/16,399.9,402.9595,394.69,395.11,758016,CMG
11/30/16,396.2,402.8599,395.64,396.33,905136,CMG
12/1/16,396.99,406.88,396.94,402.38,926609,CMG
12/2/16,399.84,408.25,398.4,400.03,839346,CMG
12/5/16,400.02,410.83,395.4,396.27,1128907,CMG
12/6/16,379.92,381.77,362.55,366.37,4936986,CMG
12/7/16,368.75,369.9499,362.45,368.06,1600270,CMG
12/8/16,368.15,375.23,366.491,369.06,1354234,CMG
12/9/16,369.03,371.6,366.07,370,1286670,CMG
12/12/16,375.31,384.525,374.25,382.48,2101517,CMG
12/13/16,379,381,375,377.22,1127288,CMG
12/14/16,376.83,385.2,374,375.7,1198801,CMG
12/15/16,376,385.79,375.05,382.35,1117929,CMG
12/16/16,383.05,394.88,383.05,392.07,1375953,CMG
12/19/16,390.54,395.9,389.001,389.5,673329,CMG
12/20/16,390.51,392.91,387.26,389.47,624335,CMG
12/21/16,389,394.91,388.25,393.5,814613,CMG
12/22/16,393.89,396.45,390.23,391.16,826116,CMG
12/23/16,390.79,394.28,388.59,389.77,483199,CMG
12/27/16,388.52,392.33,388.02,388.75,557812,CMG
12/28/16,389.6,390.88,385.16,385.37,504863,CMG
12/29/16,385.57,387,375.13,376.61,894298,CMG
12/30/16,376.52,382.49,375.16,377.32,890470,CMG
1/3/17,379.11,380.38,374.08,374.77,868896,CMG
1/4/17,374.91,383.9,372.87,381.86,984463,CMG
1/5/17,382.62,392.67,379.05,391.89,1316727,CMG
1/6/17,391.5,399.8,390.3564,398.44,1149646,CMG
1/9/17,398.7,399.25,392.11,395.06,793405,CMG
1/10/17,412.64,420.23,408.201,414.48,3214128,CMG
1/11/17,412.85,418.32,410.35,413.93,1273917,CMG
1/12/17,411.63,414,407.8,409.35,850428,CMG
1/13/17,409.93,413.95,409.01,410.75,572714,CMG
1/17/17,406.41,411.87,404.41,405.87,833798,CMG
1/18/17,407.35,411,399.03,409.74,823846,CMG
1/19/17,408.91,409.98,404.81,405.2,581228,CMG
1/20/17,408.91,409.98,404.81,405.2,581311,CMG
1/23/17,405.71,409.26,402.01,407.72,632364,CMG
1/24/17,407.72,419.57,405.781,417.88,687911,CMG
1/25/17,419,425.61,418.57,419.54,732060,CMG
1/26/17,421,425.1,417.5,418.73,470457,CMG
1/27/17,419.06,419.5,412.17,416.6,553445,CMG
1/30/17,416.21,421.7,414.735,417.95,587732,CMG
1/31/17,416.73,422.25,415.48,421.44,737863,CMG
2/1/17,420.31,422.58,417.61,420.23,750592,CMG
2/2/17,420,427.6699,413.67,423.3,1316199,CMG
2/3/17,430.945,434.585,402.892,404.08,3573867,CMG
2/6/17,398.81,402,395.08,395.59,1498846,CMG
2/7/17,396.25,401.5,395.72,398.64,1270291,CMG
2/8/17,400.5,408.23,398.69,402.94,1075651,CMG
2/9/17,404.35,417.51,403.63,415.31,1292887,CMG
2/10/17,416.26,420.76,412.77,413.36,880002,CMG
2/13/17,415.72,419.47,413.55,414.14,586649,CMG
2/14/17,414.15,420.98,413.51,419.54,640046,CMG
2/15/17,420.05,425.5909,419.01,423.34,822293,CMG
2/16/17,423.36,426.54,421.33,424.76,560368,CMG
2/17/17,424.46,428.52,423.19,427.61,543944,CMG
2/21/17,429,434.69,428.73,432.36,911531,CMG
2/22/17,432,434.3699,426.99,427.61,666071,CMG
2/23/17,427.14,429.87,420.71,422.38,573631,CMG
2/24/17,419.47,421.436,411.62,420.9,942294,CMG
2/27/17,421.71,424.23,419.31,421.67,545118,CMG
2/28/17,419.53,425.585,417.67,418.74,496676,CMG
3/1/17,422.51,424,416.25,419.15,715598,CMG
3/2/17,419.26,420.21,415.37,416.29,474632,CMG
3/3/17,415.38,417.25,412.41,416.09,538769,CMG
3/6/17,411.1,417.5663,410.01,411.68,699850,CMG
3/7/17,410.51,412.57,402.16,404.9,933124,CMG
3/8/17,404.01,407,402.851,406.5,507884,CMG
3/9/17,407.08,412.68,406.25,410.48,543234,CMG
3/10/17,411.35,412.98,404.41,407.75,615069,CMG
3/13/17,408,409.76,403.57,405.87,642089,CMG
3/14/17,404.85,404.85,397.81,403.1,733285,CMG
3/15/17,403.11,405.39,399.04,400.96,834651,CMG
3/16/17,400.96,402.49,399.63,400.95,578752,CMG
3/17/17,400.9,403.47,400.03,402.58,555933,CMG
3/20/17,402.55,402.9,394.19,396.37,773731,CMG
3/21/17,403.34,408.6,400.5,407.52,1160461,CMG
3/22/17,405.99,417.76,405.151,416.31,975180,CMG
3/23/17,417,418.669,413.38,414.88,590620,CMG
3/24/17,414.82,417.78,412.67,414.02,463051,CMG
3/27/17,409.87,415.44,409.49,414.96,584043,CMG
3/28/17,415.71,428.31,415.11,426.23,941727,CMG
3/29/17,426.58,439.88,426.35,434.34,1439434,CMG
3/30/17,436.77,450,435.95,443.92,1715512,CMG
3/31/17,447.13,453.08,444.15,445.52,914420,CMG
4/3/17,449.2,459.45,447.75,452.75,1356485,CMG
4/4/17,455.25,459.36,448.4,449.41,976586,CMG
4/5/17,454.69,458.8275,447.07,452.44,793631,CMG
4/6/17,452.85,455.18,448.79,450.29,486115,CMG
4/7/17,449.75,450.6731,446.76,447.34,532292,CMG
4/10/17,447.24,456.89,445.4,454.28,692190,CMG
4/11/17,454.99,459.932,445.2501,453,825145,CMG
4/12/17,451.89,459.24,450.4677,458.35,831583,CMG
4/13/17,457.03,466.77,455.51,463.62,974206,CMG
4/17/17,465,471.5,461.7,469.89,735729,CMG
4/18/17,471,471.57,464.14,468.51,486863,CMG
4/19/17,474.05,481.77,473,476.96,1101858,CMG
4/20/17,477.48,483.5,475.488,478.39,629100,CMG
4/21/17,479,481.99,476.42,479.09,798700,CMG
4/24/17,482.75,482.82,465.2,468.79,1145091,CMG
4/25/17,471.1,474.27,468.27,471.76,2025360,CMG
4/26/17,474.655,497.48,474.6,482.99,3910022,CMG
4/27/17,485.23,488,481.05,482,981844,CMG
4/28/17,481.87,481.87,473.45,474.47,937692,CMG
5/1/17,473.01,482.97,465.99,477.58,982673,CMG
5/2/17,480.49,490.67,480.39,486.86,1043167,CMG
5/3/17,487.23,490.45,479.34,479.97,945044,CMG
5/4/17,480.48,481.95,470.85,472.4,782981,CMG
5/5/17,472.59,475.8,466.48,475.3,963658,CMG
5/8/17,475.66,476.16,468.07,471.15,568928,CMG
5/9/17,472.29,480.64,471.97,479.13,813348,CMG
5/10/17,479.84,488.06,477.81,486.42,778738,CMG
5/11/17,485.9,491.6,481.35,488.52,682409,CMG
5/12/17,490.46,495.97,488.47,489.33,731590,CMG
5/15/17,488.75,495.95,485.455,495.31,719701,CMG
5/16/17,496.58,499,491,496.14,915065,CMG
5/17/17,492.22,493.5538,478.9675,479.83,800142,CMG
5/18/17,479.15,486.32,476.04,484.74,631613,CMG
5/19/17,487.85,489.66,483.62,484.99,590661,CMG
5/22/17,485.17,485.78,476.59,482.79,617539,CMG
5/23/17,484.56,484.56,474,475,546019,CMG
5/24/17,476.43,480,474.29,478.8,419721,CMG
5/25/17,483.45,484.86,480,481.39,654517,CMG
5/26/17,483.01,483.25,478.944,480.15,477836,CMG
5/30/17,475.28,477.8518,472.42,475.7,607297,CMG
5/31/17,476.92,478,471.53,477.35,651660,CMG
6/1/17,479.81,484.69,477.36,483.6,585680,CMG
6/2/17,484.88,487.52,477.01,478.07,608270,CMG
6/5/17,478.25,478.78,471.05,472.6,704387,CMG
6/6/17,471,474.4499,469,470.48,745882,CMG
6/7/17,470.04,471.431,459.57,462.23,1123504,CMG
6/8/17,461,464.49,457.02,459.69,739786,CMG
6/9/17,461.37,466.05,459.53,460.85,736328,CMG
6/12/17,459.79,464.34,452.2,461.55,776184,CMG
6/13/17,461.78,468.04,461.38,464.22,543588,CMG
6/14/17,463.79,468,459.2,459.69,417217,CMG
6/15/17,456.55,459.66,452.4,455.67,600484,CMG
6/16/17,455.67,457.55,450.1,451.09,904185,CMG
6/19/17,452.97,459.32,448.68,458.91,1147400,CMG
6/20/17,444.6,444.6,424.76,425.6,3317089,CMG
6/21/17,425.15,427.98,414.295,417.6,1537542,CMG
6/22/17,417,425.16,417,420.92,1154092,CMG
6/23/17,422.15,422.93,415,415.28,1104482,CMG
6/26/17,416.02,418,410.98,413.99,999632,CMG
6/27/17,414.25,420.8,413.801,413.98,1136082,CMG
6/28/17,414.39,419.942,414.39,416.87,671032,CMG
6/29/17,416.45,422.7,415.56,419.18,778236,CMG
6/30/17,420.76,423.749,415.83,416.1,740106,CMG
7/3/17,415.81,418.71,414.41,417.33,422814,CMG
7/5/17,418.2,419.7332,411.34,413.25,969510,CMG
7/6/17,411.76,413.26,406.333,412.76,1125960,CMG
7/7/17,413.67,417.41,413.235,413.89,618574,CMG
7/10/17,413,413.95,407,407.55,811550,CMG
7/11/17,407,407.07,394.7501,396.08,1428057,CMG
7/12/17,396,399.15,390.55,396.95,1092766,CMG
7/13/17,398.01,401.2,393,400.04,926099,CMG
7/14/17,398.8,401.9,395.14,395.83,1105138,CMG
7/17/17,395.7,397.75,391.01,392,829781,CMG
7/18/17,395.25,395.25,362.4,374.98,7624861,CMG
7/19/17,369.8,380,362.62,372.83,3233522,CMG
7/20/17,372.83,373.9599,355.71,356.05,4454791,CMG
7/21/17,355.55,358.58,344.21,345.34,3198286,CMG
7/24/17,344.75,346.373,336.52,339.98,2557068,CMG
7/25/17,340,350.89,339,348.62,3527128,CMG
7/26/17,354.35,355.55,340.05,340.6,3621377,CMG
7/27/17,339.62,351.46,337.5,349.84,1701117,CMG
7/28/17,349.75,357.99,349.24,350.5,1741057,CMG
7/31/17,351,353.14,342.11,343.77,1234238,CMG
8/1/17,344.08,347.74,340.631,347.24,897504,CMG
8/2/17,348,352.415,346.13,351.06,995946,CMG
8/3/17,351.84,355.48,345.15,345.36,922606,CMG
8/4/17,344.43,345.38,339.21,344.56,829772,CMG
8/7/17,345.32,345.73,336.91,339.45,961237,CMG
8/8/17,338,338.95,332.34,333.64,1078066,CMG
8/9/17,331.25,336.36,328.88,334.61,667460,CMG
8/10/17,331.55,332.94,322.3,322.65,1236541,CMG
8/11/17,321.94,328.76,320.005,326.41,968190,CMG
8/14/17,329.21,329.446,322.38,322.4,817491,CMG
8/15/17,322.39,334.91,317.41,322.78,2235018,CMG
8/16/17,322.9,327.27,319.01,320.13,1020248,CMG
8/17/17,319.98,325.94,317.41,317.92,1099731,CMG
8/18/17,317.34,317.9499,311.01,311.24,1216339,CMG
8/21/17,311.25,312.27,304.5001,308.59,1310187,CMG
8/22/17,305,310,304.1,305.51,1070413,CMG
8/23/17,303.16,305.5013,296,297.09,1758889,CMG
8/24/17,301.57,307.55,298.6,301.92,2025339,CMG
8/25/17,301.97,312.92,300.845,308.79,1654110,CMG
8/28/17,309.38,314.27,305.33,312.02,1760339,CMG
8/29/17,310.06,315.69,309,310.37,1202129,CMG
8/30/17,310.37,316.04,308.371,315.13,1122158,CMG
8/31/17,316.51,317.82,313.21,316.71,899536,CMG
9/1/17,316.94,321.58,315.62,319.95,1006777,CMG
9/5/17,319.3,319.89,305.55,308.32,2069782,CMG
9/6/17,309.99,318.25,309.33,317.88,1250646,CMG
9/7/17,318.45,319.4,314.16,317.25,974963,CMG
9/8/17,308.44,309.7,299,300.03,2091102,CMG
9/11/17,302,308.2,301.75,305.14,1339124,CMG
9/12/17,305.35,309.89,304.2101,308.83,836020,CMG
9/13/17,309,317.47,306.21,311.6,1286117,CMG
9/14/17,311,311.56,308.04,310.59,695965,CMG
9/15/17,310,314.67,308.61,313.09,1377786,CMG
9/18/17,313.91,313.91,301.01,301.87,1497470,CMG
9/19/17,302.66,304.765,295.11,303.41,1733538,CMG
9/20/17,303.16,312.66,302.23,312.39,1680654,CMG
9/21/17,312.4,314.29,310.89,313.22,850535,CMG
9/22/17,313,317.34,312.0905,314.31,931280,CMG
9/25/17,313.1,323.88,313.1,320.83,1239589,CMG
9/26/17,320.91,326.45,318.4,319.21,807913,CMG
9/27/17,320.4,322.72,311.07,313.85,1292960,CMG
9/28/17,315,317.08,312.11,316.53,611968,CMG
9/29/17,315.85,316.4899,307.0931,307.83,1196353,CMG
10/2/17,307.91,307.91,298.2,301.81,1691430,CMG
10/3/17,301.5,303.75,300,302.99,833597,CMG
10/4/17,304.2,310.25,303.62,306.81,938795,CMG
10/5/17,308.28,312.04,306.35,310.35,868949,CMG
10/6/17,308.86,309.74,303.2,307.64,1051527,CMG
10/9/17,308.27,309.264,303.71,303.92,682129,CMG
10/10/17,304.21,314.5,304.01,310.88,1152370,CMG
10/11/17,307.73,312.59,304.53,311.49,995244,CMG
10/12/17,310,314.31,308.18,314.17,775099,CMG
10/13/17,311.82,328.62,311.75,326.45,2118977,CMG
10/16/17,327.62,331.99,319.5,320.39,1758341,CMG
10/17/17,320.57,329.71,320.47,329.3,1055699,CMG
10/18/17,319.97,325.28,317.83,318.24,1523528,CMG
10/19/17,315.85,325.9981,315.52,325.27,919014,CMG
10/20/17,325.17,325.81,319.25,324.76,973364,CMG
10/23/17,325.13,327.91,319.83,320.45,842390,CMG
10/24/17,322.34,326.53,318.25,324.3,2978551,CMG
10/25/17,283.04,283.99,273.78,277.17,9900096,CMG
10/26/17,275.35,282.66,270,281.52,3333743,CMG
10/27/17,280.66,282.4,275.31,276.12,1637424,CMG
10/30/17,275,275.13,268.18,268.7,1769037,CMG
10/31/17,268.14,272.78,264.9,271.9,1310503,CMG
11/1/17,271.9,275.48,269.75,270.2,1035529,CMG
11/2/17,270.01,280.8288,268.58,279.46,1952529,CMG
11/3/17,277.39,278.63,271.5,273.53,1188921,CMG
11/6/17,273.37,276.411,270.59,275.77,835417,CMG
11/7/17,276.34,276.34,272.83,274.5,765434,CMG
11/8/17,274.45,275.9181,272.53,273.9,598887,CMG
11/9/17,273.01,276.88,270.12,275,820937,CMG
11/10/17,275,281,273.51,279.45,1060839,CMG
11/13/17,272.72,279.25,263,277.5,1822038,CMG
11/14/17,277.73,284.26,277.475,280.9,984430,CMG
11/15/17,279.6,287.25,277.815,285.45,1059852,CMG
11/16/17,285.89,289.2499,283.159,283.7,796705,CMG
11/17/17,283.56,291.51,283.56,289.84,1277873,CMG
11/20/17,289.84,289.84,282.17,283.25,760973,CMG
11/21/17,284.04,284.04,277.85,279.51,768705,CMG
11/22/17,279.87,282.695,278.78,281.27,598560,CMG
11/24/17,281.19,282.5,278.56,279.31,335240,CMG
11/27/17,278.86,279.969,271.65,274.52,966879,CMG
11/28/17,274.9,286.06,272.23,285.86,1333242,CMG
11/29/17,297,304.47,292.27,301.99,3293763,CMG
11/30/17,302,308.175,301.14,304.39,1486131,CMG
12/1/17,302.4,311.29,300.24,307.59,1178323,CMG
12/4/17,311.06,333.33,309.79,315.6,2690979,CMG
12/5/17,318.01,321.67,312.01,315.56,1165016,CMG
12/6/17,315.92,316.82,310.51,310.67,817667,CMG
12/7/17,309.43,314.59,305.2,313.65,987334,CMG
12/8/17,313.43,319.6,311.5,315.9,1870347,CMG
12/11/17,315.01,316.66,311.6,313.39,688677,CMG
12/12/17,313.54,318.67,311.15,318.38,699183,CMG
12/13/17,322,325.71,317.45,319.7,961954,CMG
12/14/17,318.775,321.639,313.5401,314.02,713189,CMG
12/15/17,316.235,318.1654,311.87,312.12,1117234,CMG
12/18/17,313.99,315.99,312.15,313.42,814206,CMG
12/19/17,309.7,315.46,308.21,313.17,793844,CMG
12/20/17,314.96,315.8093,297.8,298.67,2019151,CMG
12/21/17,296.3,299.77,291.55,292.4,1527199,CMG
12/22/17,292.98,296.05,290.33,295.23,1197611,CMG
12/26/17,295.52,297.49,292.95,295.52,546430,CMG
12/27/17,296,298.69,294.39,295.42,863979,CMG
12/28/17,295,297.26,293.05,294.82,517285,CMG
12/29/17,294.25,296.17,286.4011,289.03,1111425,CMG
1/2/18,290.9,293.137,289.0001,292.95,1463989,CMG
1/3/18,294,313.2,293.26,309,1957448,CMG
1/4/18,309.03,310.38,304.39,307.11,703303,CMG
1/5/18,310.24,314.28,307.59,313.79,998208,CMG
1/8/18,314.1,320.1,312.33,318.47,1087703,CMG
1/9/18,319.67,322.18,318.135,319.37,681944,CMG
1/10/18,318.94,328.2478,318,321.8,1154620,CMG
1/11/18,322.61,328.19,320.5,325.5,813572,CMG
1/12/18,326.84,328.6199,323.07,327.34,675908,CMG
1/16/18,329.33,330.94,324.9001,327.37,706540,CMG
1/17/18,328,339.6,325,334.63,979061,CMG
1/18/18,334.51,341.5,332.62,337.53,889043,CMG
1/19/18,339.25,345.88,338.37,343.87,1152978,CMG
1/22/18,340,340.2553,329.31,330,1438674,CMG
1/23/18,330,334.392,327.9931,328.71,1225218,CMG
1/24/18,329.92,331.94,324.27,329.53,786768,CMG
1/25/18,330.34,335.18,329.6,333.97,573940,CMG
1/26/18,332.56,332.56,326.7743,330.23,665600,CMG
1/29/18,327,336.24,325,332.33,764790,CMG
1/30/18,329.69,331.19,313.01,322.08,1929254,CMG
1/31/18,322.87,330,321.68,324.76,737156,CMG
2/1/18,314.06,315.2,306.2,314.72,1646308,CMG
2/2/18,313.81,317.5,310.85,311.64,951975,CMG
2/5/18,310.88,314.36,299.17,300.3,1349301,CMG
2/6/18,296.8,305.46,293.55,304.33,2092166,CMG
2/7/18,273.64,279.7,268.04,272.21,4780612,CMG